,Recording,Accuracy(%),EER(%),Speech Percentage,Mislabelled Silence(%)
0,Seq28_lr_SNRdb_60.wav,25.666666666666664,49.544545656520775,75.7,0.0
1,AudioBand7a.wav,94.125,7.4555432845247624,83.575,21.27659574468085
2,AudioBand1e.wav,86.85000000000001,14.044444105533337,60.31666666666666,33.33333333333333
3,AudioBand1b.wav,91.52,12.152435138041602,72.54,41.74528301886792
4,AudioBand4a.wav,91.91666666666667,14.689022675998093,87.51666666666667,24.742268041237114
5,Seq28_lr_SNRdb_8.wav,24.3,50.0,75.7,0.0
6,AudioBand9b.wav,91.1908809119088,14.46427245776076,43.775622437756226,18.388195232690123
7,AudioBand11a.wav,92.6907309269073,11.190604327596846,44.14558544145585,26.538987688098498
